<beans xmlns="http://www.springframework.org/schema/beans"
	xmlns:context="http://www.springframework.org/schema/context"
	 xmlns:tx="http://www.springframework.org/schema/tx"
	xmlns:aop="http://www.springframework.org/schema/aop" 
	xmlns:xsi="http://www.w3.org/2001/XMLSchema-instance"
	xsi:schemaLocation="
   http://www.springframework.org/schema/beans     
   http://www.springframework.org/schema/beans/spring-beans-4.3.xsd
   http://www.springframework.org/schema/context 
   http://www.springframework.org/schema/context/spring-context-4.3.xsd">
   <bean id="address" class="com.cg.project" scope="prototype">
   <property name="city" value="erode"/>
      <property name="state" value="tn"/>
      <property name="country" value="india"/>
      <property name="pincode" value="638005"/>
   </bean>
   <bean id="associate" class="com.cg.project" scope="prototype">
   <property name="associateId" value="2222"/>
      <property name="firstName" value="dhanu"/>
      <property name="lastNmae" value="jagan"/>
      <property name="address" ref="address"/>
   </bean>
</beans>